Workbook

Sheet Read me
A1: How this list was built
A2: 500 horror films compiled from Claude's knowledge of the horror canon (critics' and fan lists such as They Shoot Zombies, Don't They?), not a live ranked pull.
A3: Deliberately weighted to global horror: Southeast, East and South Asia are over-represented versus a typical ranked list, which would be roughly 70% US, UK and Italian.
A4: Archetype tags are a first pass by Claude and unreviewed. Treat them as a draft reading to argue with, not a finding.
A5: Remakes are kept in pairs where useful (Nosferatu 1922/1979/2024, The Fly 1958/1986, Invasion of the Body Snatchers 1956/1978).
A6: Counts on the Archetypes and Regions tabs are formulas and update if you edit the tags.

Sheet Films
A1: # | B1: Title | C1: Year | D1: Decade | E1: Country | F1: Region | G1: Primary archetype | H1: Secondary archetype | I1: Tag status
A2: 1 | B2: The Student of Prague | C2: 1913 | D2: 1910s | E2: Germany | F2: Continental Europe | G2: The Double | H2: The Bargain | I2: First pass, unreviewed
A3: 2 | B3: The Cabinet of Dr. Caligari | C3: 1920 | D3: 1920s | E3: Germany | F3: Continental Europe | G3: Nobody Believes Her | H3: The Voice Inside | I3: First pass, unreviewed
A4: 3 | B4: The Golem | C4: 1920 | D4: 1920s | E4: Germany | F4: Continental Europe | G4: The Thing We Made | I4: First pass, unreviewed
A5: 4 | B5: Häxan | C5: 1922 | D5: 1920s | E5: Sweden | F5: Continental Europe | G5: The Witch at the Edge of the Woods | H5: The Voice Inside | I5: First pass, unreviewed
A6: 5 | B6: Nosferatu | C6: 1922 | D6: 1920s | E6: Germany | F6: Continental Europe | G6: The One Who Feeds | H6: The Contagion | I6: First pass, unreviewed
A7: 6 | B7: The Hands of Orlac | C7: 1924 | D7: 1920s | E7: Austria | F7: Continental Europe | G7: The Body Betrays | I7: First pass, unreviewed
A8: 7 | B8: The Phantom of the Opera | C8: 1925 | D8: 1920s | E8: US | F8: North America | G8: The House Remembers | H8: The Thing Outside | I8: First pass, unreviewed
A9: 8 | B9: Dr. Jekyll and Mr. Hyde | C9: 1931 | D9: 1930s | E9: US | F9: North America | G9: The Double | H9: The Beast Within | I9: First pass, unreviewed
A10: 9 | B10: Dracula | C10: 1931 | D10: 1930s | E10: US | F10: North America | G10: The One Who Feeds | H10: You Invited It In | I10: First pass, unreviewed
A11: 10 | B11: Frankenstein | C11: 1931 | D11: 1930s | E11: US | F11: North America | G11: The Thing We Made | I11: First pass, unreviewed
A12: 11 | B12: Freaks | C12: 1932 | D12: 1930s | E12: US | F12: North America | G12: You Invited It In | I12: First pass, unreviewed
A13: 12 | B13: Island of Lost Souls | C13: 1932 | D13: 1930s | E13: US | F13: North America | G13: The Thing We Made | H13: The Body Betrays | I13: First pass, unreviewed
A14: 13 | B14: The Mummy | C14: 1932 | D14: 1930s | E14: US | F14: North America | G14: The Dead Won't Stay Dead | H14: The Inherited Curse | I14: First pass, unreviewed
A15: 14 | B15: The Old Dark House | C15: 1932 | D15: 1930s | E15: US | F15: North America | G15: The Bad Host | H15: The House Remembers | I15: First pass, unreviewed
A16: 15 | B16: Vampyr | C16: 1932 | D16: 1930s | E16: France | F16: Continental Europe | G16: The One Who Feeds | I16: First pass, unreviewed
A17: 16 | B17: White Zombie | C17: 1932 | D17: 1930s | E17: US | F17: North America | G17: The Dead Won't Stay Dead | I17: First pass, unreviewed
A18: 17 | B18: King Kong | C18: 1933 | D18: 1930s | E18: US | F18: North America | G18: The Thing Outside | I18: First pass, unreviewed
A19: 18 | B19: The Invisible Man | C19: 1933 | D19: 1930s | E19: US | F19: North America | G19: The Thing We Made | H19: The Bargain | I19: First pass, unreviewed
A20: 19 | B20: The Black Cat | C20: 1934 | D20: 1930s | E20: US | F20: North America | G20: The Village Needs Blood | I20: First pass, unreviewed
A21: 20 | B21: Bride of Frankenstein | C21: 1935 | D21: 1930s | E21: US | F21: North America | G21: The Thing We Made | I21: First pass, unreviewed
A22: 21 | B22: The Wolf Man | C22: 1941 | D22: 1940s | E22: US | F22: North America | G22: The Beast Within | H22: The Inherited Curse | I22: First pass, unreviewed
A23: 22 | B23: Cat People | C23: 1942 | D23: 1940s | E23: US | F23: North America | G23: The Beast Within | H23: The Inherited Curse | I23: First pass, unreviewed
A24: 23 | B24: I Walked with a Zombie | C24: 1943 | D24: 1940s | E24: US | F24: North America | G24: The Dead Won't Stay Dead | I24: First pass, unreviewed
A25: 24 | B25: The Seventh Victim | C25: 1943 | D25: 1940s | E25: US | F25: North America | G25: The Witch at the Edge of the Woods | H25: The Village Needs Blood | I25: First pass, unreviewed
A26: 25 | B26: The Uninvited | C26: 1944 | D26: 1940s | E26: US | F26: North America | G26: The House Remembers | H26: The Woman Who Comes Back | I26: First pass, unreviewed
A27: 26 | B27: Dead of Night | C27: 1945 | D27: 1940s | E27: UK | F27: UK & Ireland | G27: The Thing You Took Home | H27: The Double | I27: First pass, unreviewed
A28: 27 | B28: The Picture of Dorian Gray | C28: 1945 | D28: 1940s | E28: US | F28: North America | G28: The Bargain | H28: The Double | I28: First pass, unreviewed
A29: 28 | B29: Mahal | C29: 1949 | D29: 1940s | E29: India | F29: South Asia | G29: The Woman Who Comes Back | H29: The House Remembers | I29: First pass, unreviewed
A30: 29 | B30: Ugetsu | C30: 1953 | D30: 1950s | E30: Japan | F30: East Asia | G30: The Woman Who Comes Back | I30: First pass, unreviewed
A31: 30 | B31: Creature from the Black Lagoon | C31: 1954 | D31: 1950s | E31: US | F31: North America | G31: The Thing Outside | I31: First pass, unreviewed
A32: 31 | B32: Godzilla | C32: 1954 | D32: 1950s | E32: Japan | F32: East Asia | G32: The Thing Outside | I32: First pass, unreviewed
A33: 32 | B33: Them! | C33: 1954 | D33: 1950s | E33: US | F33: North America | G33: The Thing Outside | I33: First pass, unreviewed
A34: 33 | B34: Les Diaboliques | C34: 1955 | D34: 1950s | E34: France | F34: Continental Europe | G34: The Dead Won't Stay Dead | H34: Nobody Believes Her | I34: First pass, unreviewed
A35: 34 | B35: Invasion of the Body Snatchers | C35: 1956 | D35: 1950s | E35: US | F35: North America | G35: The Double | H35: Nobody Believes Her | I35: First pass, unreviewed
A36: 35 | B36: Night of the Demon | C36: 1957 | D36: 1950s | E36: UK | F36: UK & Ireland | G36: The Thing You Took Home | H36: The Book You Shouldn't Read | I36: First pass, unreviewed
A37: 36 | B37: The Curse of Frankenstein | C37: 1957 | D37: 1950s | E37: UK | F37: UK & Ireland | G37: The Thing We Made | I37: First pass, unreviewed
A38: 37 | B38: Dracula (Horror of Dracula) | C38: 1958 | D38: 1950s | E38: UK | F38: UK & Ireland | G38: The One Who Feeds | I38: First pass, unreviewed
A39: 38 | B39: Sumpah Orang Minyak | C39: 1958 | D39: 1950s | E39: Malaysia | F39: Southeast Asia | G39: The Bargain | I39: First pass, unreviewed
A40: 39 | B40: The Blob | C40: 1958 | D40: 1950s | E40: US | F40: North America | G40: The Thing Outside | H40: Nobody Believes Her | I40: First pass, unreviewed
A41: 40 | B41: The Fly | C41: 1958 | D41: 1950s | E41: US | F41: North America | G41: The Body Betrays | H41: The Thing We Made | I41: First pass, unreviewed
A42: 41 | B42: House on Haunted Hill | C42: 1959 | D42: 1950s | E42: US | F42: North America | G42: The House Remembers | H42: The Bad Host | I42: First pass, unreviewed
A43: 42 | B43: Black Sunday | C43: 1960 | D43: 1960s | E43: Italy | F43: Continental Europe | G43: The Witch at the Edge of the Woods | H43: The Dead Won't Stay Dead | I43: First pass, unreviewed
A44: 43 | B44: Eyes Without a Face | C44: 1960 | D44: 1960s | E44: France | F44: Continental Europe | G44: The Thing We Made | H44: The Body Betrays | I44: First pass, unreviewed
A45: 44 | B45: House of Usher | C45: 1960 | D45: 1960s | E45: US | F45: North America | G45: The House Remembers | H45: The Inherited Curse | I45: First pass, unreviewed
A46: 45 | B46: Jigoku | C46: 1960 | D46: 1960s | E46: Japan | F46: East Asia | G46: The Descent | I46: First pass, unreviewed
A47: 46 | B47: Peeping Tom | C47: 1960 | D47: 1960s | E47: UK | F47: UK & Ireland | G47: The Double | H47: The Rule | I47: First pass, unreviewed
A48: 47 | B48: Psycho | C48: 1960 | D48: 1960s | E48: US | F48: North America | G48: The Devouring Mother | H48: The Double | I48: First pass, unreviewed
A49: 48 | B49: The Housemaid | C49: 1960 | D49: 1960s | E49: South Korea | F49: East Asia | G49: You Invited It In | I49: First pass, unreviewed
A50: 49 | B50: Village of the Damned | C50: 1960 | D50: 1960s | E50: UK | F50: UK & Ireland | G50: The Wrong Child | I50: First pass, unreviewed
A51: 50 | B51: The Innocents | C51: 1961 | D51: 1960s | E51: UK | F51: UK & Ireland | G51: The House Remembers | H51: The Wrong Child | I51: First pass, unreviewed
A52: 51 | B52: The Pit and the Pendulum | C52: 1961 | D52: 1960s | E52: US | F52: North America | G52: The Descent | I52: First pass, unreviewed
A53: 52 | B53: Bees Saal Baad | C53: 1962 | D53: 1960s | E53: India | F53: South Asia | G53: The Woman Who Comes Back | H53: The Inherited Curse | I53: First pass, unreviewed
A54: 53 | B54: Carnival of Souls | C54: 1962 | D54: 1960s | E54: US | F54: North America | G54: The Dead Won't Stay Dead | H54: The Descent | I54: First pass, unreviewed
A55: 54 | B55: Night of the Eagle | C55: 1962 | D55: 1960s | E55: UK | F55: UK & Ireland | G55: The Witch at the Edge of the Woods | I55: First pass, unreviewed
A56: 55 | B56: Black Sabbath | C56: 1963 | D56: 1960s | E56: Italy | F56: Continental Europe | G56: The One Who Feeds | H56: The Thing You Took Home | I56: First pass, unreviewed
A57: 56 | B57: Matango | C57: 1963 | D57: 1960s | E57: Japan | F57: East Asia | G57: The Body Betrays | I57: First pass, unreviewed
A58: 57 | B58: The Birds | C58: 1963 | D58: 1960s | E58: US | F58: North America | G58: The Thing Outside | I58: First pass, unreviewed
A59: 58 | B59: The Haunting | C59: 1963 | D59: 1960s | E59: UK | F59: UK & Ireland | G59: The House Remembers | I59: First pass, unreviewed
A60: 59 | B60: At Midnight I'll Take Your Soul | C60: 1964 | D60: 1960s | E60: Brazil | F60: Latin America | G60: The Bargain | I60: First pass, unreviewed
A61: 60 | B61: Blood and Black Lace | C61: 1964 | D61: 1960s | E61: Italy | F61: Continental Europe | G61: Stray From the Path | I61: First pass, unreviewed
A62: 61 | B62: Kwaidan | C62: 1964 | D62: 1960s | E62: Japan | F62: East Asia | G62: The Woman Who Comes Back | H62: The Rule | I62: First pass, unreviewed
A63: 62 | B63: Onibaba | C63: 1964 | D63: 1960s | E63: Japan | F63: East Asia | G63: The Thing You Took Home | I63: First pass, unreviewed
A64: 63 | B64: The Masque of the Red Death | C64: 1964 | D64: 1960s | E64: UK | F64: UK & Ireland | G64: The Contagion | I64: First pass, unreviewed
A65: 64 | B65: Repulsion | C65: 1965 | D65: 1960s | E65: UK | F65: UK & Ireland | G65: The Double | H65: Nobody Believes Her | I65: First pass, unreviewed
A66: 65 | B66: Kill, Baby, Kill | C66: 1966 | D66: 1960s | E66: Italy | F66: Continental Europe | G66: The Wrong Child | H66: The Woman Who Comes Back | I66: First pass, unreviewed
A67: 66 | B67: Viy | C67: 1967 | D67: 1960s | E67: USSR | F67: Continental Europe | G67: The Witch at the Edge of the Woods | I67: First pass, unreviewed
A68: 67 | B68: Hour of the Wolf | C68: 1968 | D68: 1960s | E68: Sweden | F68: Continental Europe | G68: The Double | I68: First pass, unreviewed
A69: 68 | B69: Kuroneko | C69: 1968 | D69: 1960s | E69: Japan | F69: East Asia | G69: The Woman Who Comes Back | H69: The Beast Within | I69: First pass, unreviewed
A70: 69 | B70: Night of the Living Dead | C70: 1968 | D70: 1960s | E70: US | F70: North America | G70: The Dead Won't Stay Dead | H70: The Thing Outside | I70: First pass, unreviewed
A71: 70 | B71: Rosemary's Baby | C71: 1968 | D71: 1960s | E71: US | F71: North America | G71: The Bargain | H71: Nobody Believes Her | I71: First pass, unreviewed
A72: 71 | B72: The Devil Rides Out | C72: 1968 | D72: 1960s | E72: UK | F72: UK & Ireland | G72: The Bargain | H72: The Witch at the Edge of the Woods | I72: First pass, unreviewed
A73: 72 | B73: Witchfinder General | C73: 1968 | D73: 1960s | E73: UK | F73: UK & Ireland | G73: The Witch at the Edge of the Woods | I73: First pass, unreviewed
A74: 73 | B74: The Cremator | C74: 1969 | D74: 1960s | E74: Czechoslovakia | F74: Continental Europe | G74: The Double | I74: First pass, unreviewed
A75: 74 | B75: Valerie and Her Week of Wonders | C75: 1970 | D75: 1970s | E75: Czechoslovakia | F75: Continental Europe | G75: The One Who Feeds | I75: First pass, unreviewed
A76: 75 | B76: A Bay of Blood | C76: 1971 | D76: 1970s | E76: Italy | F76: Continental Europe | G76: Stray From the Path | I76: First pass, unreviewed
A77: 76 | B77: Blood on Satan's Claw | C77: 1971 | D77: 1970s | E77: UK | F77: UK & Ireland | G77: The Witch at the Edge of the Woods | H77: The Village Needs Blood | I77: First pass, unreviewed
A78: 77 | B78: Daughters of Darkness | C78: 1971 | D78: 1970s | E78: Belgium | F78: Continental Europe | G78: The One Who Feeds | I78: First pass, unreviewed
A79: 78 | B79: Let's Scare Jessica to Death | C79: 1971 | D79: 1970s | E79: US | F79: North America | G79: The One Who Feeds | H79: Nobody Believes Her | I79: First pass, unreviewed
A80: 79 | B80: Don't Torture a Duckling | C80: 1972 | D80: 1970s | E80: Italy | F80: Continental Europe | G80: The Witch at the Edge of the Woods | H80: Nobody Believes Her | I80: First pass, unreviewed
A81: 80 | B81: Sisters | C81: 1972 | D81: 1970s | E81: US | F81: North America | G81: The Double | I81: First pass, unreviewed
A82: 81 | B82: The Last House on the Left | C82: 1972 | D82: 1970s | E82: US | F82: North America | G82: The Bad Host | H82: Stray From the Path | I82: First pass, unreviewed
A83: 82 | B83: The Other | C83: 1972 | D83: 1970s | E83: US | F83: North America | G83: The Double | H83: The Wrong Child | I83: First pass, unreviewed
A84: 83 | B84: Tombs of the Blind Dead | C84: 1972 | D84: 1970s | E84: Spain | F84: Continental Europe | G84: The Dead Won't Stay Dead | I84: First pass, unreviewed
A85: 84 | B85: Don't Look Now | C85: 1973 | D85: 1970s | E85: UK | F85: UK & Ireland | G85: The Rule | H85: The Wrong Child | I85: First pass, unreviewed
A86: 85 | B86: Ganja & Hess | C86: 1973 | D86: 1970s | E86: US | F86: North America | G86: The One Who Feeds | I86: First pass, unreviewed
A87: 86 | B87: Lisa and the Devil | C87: 1973 | D87: 1970s | E87: Italy | F87: Continental Europe | G87: The Bargain | H87: The House Remembers | I87: First pass, unreviewed
A88: 87 | B88: Messiah of Evil | C88: 1973 | D88: 1970s | E88: US | F88: North America | G88: The Dead Won't Stay Dead | H88: The Contagion | I88: First pass, unreviewed
A89: 88 | B89: The Exorcist | C89: 1973 | D89: 1970s | E89: US | F89: North America | G89: The Voice Inside | I89: First pass, unreviewed
A90: 89 | B90: The Legend of Hell House | C90: 1973 | D90: 1970s | E90: UK | F90: UK & Ireland | G90: The House Remembers | I90: First pass, unreviewed
A91: 90 | B91: The Wicker Man | C91: 1973 | D91: 1970s | E91: UK | F91: UK & Ireland | G91: The Village Needs Blood | H91: The Bad Host | I91: First pass, unreviewed
A92: 91 | B92: Black Christmas | C92: 1974 | D92: 1970s | E92: Canada | F92: North America | G92: Stray From the Path | H92: You Invited It In | I92: First pass, unreviewed
A93: 92 | B93: Deathdream | C93: 1974 | D93: 1970s | E93: US | F93: North America | G93: The Dead Won't Stay Dead | I93: First pass, unreviewed
A94: 93 | B94: It's Alive | C94: 1974 | D94: 1970s | E94: US | F94: North America | G94: The Wrong Child | H94: The Devouring Mother | I94: First pass, unreviewed
A95: 94 | B95: The Texas Chain Saw Massacre | C95: 1974 | D95: 1970s | E95: US | F95: North America | G95: The Bad Host | H95: Stray From the Path | I95: First pass, unreviewed
A96: 95 | B96: Deep Red | C96: 1975 | D96: 1970s | E96: Italy | F96: Continental Europe | G96: Nobody Believes Her | I96: First pass, unreviewed
A97: 96 | B97: Jaws | C97: 1975 | D97: 1970s | E97: US | F97: North America | G97: The Thing Outside | H97: Nobody Believes Her | I97: First pass, unreviewed
A98: 97 | B98: Picnic at Hanging Rock | C98: 1975 | D98: 1970s | E98: Australia | F98: Australia & NZ | G98: The Descent | I98: First pass, unreviewed
A99: 98 | B99: Shivers | C99: 1975 | D99: 1970s | E99: Canada | F99: North America | G99: The Contagion | I99: First pass, unreviewed
A100: 99 | B100: The Stepford Wives | C100: 1975 | D100: 1970s | E100: US | F100: North America | G100: The Double | H100: The Thing We Made | I100: First pass, unreviewed
...

Sheet Archetypes
A1: Archetype | B1: The beat | C1: Documented roots | D1: Films (primary) | E1: Films (primary or secondary) | F1: Share of 500
A2: The Woman Who Comes Back | B2: A wronged woman returns from death for her due | C2: Pontianak (Malay); Oiwa, Yotsuya Kaidan (Japanese, 1825); La Llorona (Mexican); Okiku, Banchō Sarayashiki (Japanese) | D2: =COUNTIF(Films!$G$2:$G$501,A2) -> 32 | E2: =COUNTIF(Films!$G$2:$G$501,A2)+COUNTIF(Films!$H$2:$H$501,A2) -> 44 | F2: =E2/500 -> 0.088
A3: The House Remembers | B3: A place holds the wrong done in it | C3: Pliny the Younger's haunted house at Athens, Letters 7.27 (Roman); Okiku's well (Japanese) | D3: =COUNTIF(Films!$G$2:$G$501,A3) -> 35 | E3: =COUNTIF(Films!$G$2:$G$501,A3)+COUNTIF(Films!$H$2:$H$501,A3) -> 44 | F3: =E3/500 -> 0.088
A4: The Inherited Curse | B4: A wrong done long ago lands on you | C4: Mahsuri's curse on Langkawi (Malay); the House of Atreus (Greek) | D4: =COUNTIF(Films!$G$2:$G$501,A4) -> 13 | E4: =COUNTIF(Films!$G$2:$G$501,A4)+COUNTIF(Films!$H$2:$H$501,A4) -> 32 | F4: =E4/500 -> 0.064
A5: The Thing You Took Home | B5: A cursed object carries the harm | C5: Pandora's jar (Greek); tsukumogami, objects that gain spirits (Japanese); keris believed to hold spirits (Malay); The Monkey's Paw (English, 1902) | D5: =COUNTIF(Films!$G$2:$G$501,A5) -> 15 | E5: =COUNTIF(Films!$G$2:$G$501,A5)+COUNTIF(Films!$H$2:$H$501,A5) -> 24 | F5: =E5/500 -> 0.048
A6: The Voice Inside | B6: Something else speaks through someone you love | C6: The Gerasene demoniac (Gospels); the dybbuk (Ashkenazi Jewish); jinn possession, rasukan (Islamic and Malay folk belief); kitsunetsuki, fox possession (Japanese) | D6: =COUNTIF(Films!$G$2:$G$501,A6) -> 25 | E6: =COUNTIF(Films!$G$2:$G$501,A6)+COUNTIF(Films!$H$2:$H$501,A6) -> 42 | F6: =E6/500 -> 0.084
A7: The Bargain | B7: Wealth or power bought from something that will collect | C7: Faust (German); pesugihan, wealth pacts with spirits (Javanese); keeping a toyol or polong (Malay); the smith and the devil, ATU 330 (European) | D7: =COUNTIF(Films!$G$2:$G$501,A7) -> 15 | E7: =COUNTIF(Films!$G$2:$G$501,A7)+COUNTIF(Films!$H$2:$H$501,A7) -> 27 | F7: =E7/500 -> 0.054
A8: The Wrong Child | B8: The child is not what it seems | C8: The changeling (European); the toyol (Malay) | D8: =COUNTIF(Films!$G$2:$G$501,A8) -> 22 | E8: =COUNTIF(Films!$G$2:$G$501,A8)+COUNTIF(Films!$H$2:$H$501,A8) -> 37 | F8: =E8/500 -> 0.074
A9: The Devouring Mother | B9: The one who should protect is the danger, or grief makes her one | C9: Medea and Lamia (Greek); La Llorona (Mexican) | D9: =COUNTIF(Films!$G$2:$G$501,A9) -> 15 | E9: =COUNTIF(Films!$G$2:$G$501,A9)+COUNTIF(Films!$H$2:$H$501,A9) -> 31 | F9: =E9/500 -> 0.062
A10: The Double | B10: The self, or someone you love, is replaced or split | C10: Narcissus (Greek); the doppelgänger (German); the fetch (Irish) | D10: =COUNTIF(Films!$G$2:$G$501,A10) -> 22 | E10: =COUNTIF(Films!$G$2:$G$501,A10)+COUNTIF(Films!$H$2:$H$501,A10) -> 45 | F10: =E10/500 -> 0.09
A11: The Beast Within | B11: A person becomes the animal | C11: Lycaon (Greek, Ovid); harimau jadian, the weretiger (Malay); úlfheðnar wolf-warriors (Norse) | D11: =COUNTIF(Films!$G$2:$G$501,A11) -> 11 | E11: =COUNTIF(Films!$G$2:$G$501,A11)+COUNTIF(Films!$H$2:$H$501,A11) -> 15 | F11: =E11/500 -> 0.03
A12: The One Who Feeds | B12: The dead or undead live on the living | C12: Penanggalan (Malay); strigoi (Romanian); jiangshi (Chinese); vetala (Indian) | D12: =COUNTIF(Films!$G$2:$G$501,A12) -> 34 | E12: =COUNTIF(Films!$G$2:$G$501,A12)+COUNTIF(Films!$H$2:$H$501,A12) -> 37 | F12: =E12/500 -> 0.074
A13: The Dead Won't Stay Dead | B13: What was buried returns, wrong | C13: Izanami (Japanese, Kojiki); draugr (Norse); the zombi (Haitian folk belief); pocong (Malay/Indonesian) | D13: =COUNTIF(Films!$G$2:$G$501,A13) -> 31 | E13: =COUNTIF(Films!$G$2:$G$501,A13)+COUNTIF(Films!$H$2:$H$501,A13) -> 43 | F13: =E13/500 -> 0.086
... A28: The Endless Night (probation) | B28: Trapped in repetition until you change | C28: Sisyphus (Greek); samsara (Hindu/Buddhist) | D28: =COUNTIF(Films!$G$2:$G$501,A28) -> 2 | E28: =COUNTIF(Films!$G$2:$G$501,A28)+COUNTIF(Films!$H$2:$H$501,A28) -> 2 | F28: =E28/500 -> 0.004
A30: Total tags | D30: =SUM(D2:D28) -> 500 | E30: =SUM(E2:E28) -> 796

Sheet Regions
A1: Region | B1: Films | C1: Share
A2: North America | B2: =COUNTIF(Films!$F$2:$F$501,A2) -> 223 | C2: =B2/500 -> 0.446
A3: UK & Ireland | B3: =COUNTIF(Films!$F$2:$F$501,A3) -> 58 | C3: =B3/500 -> 0.116
A4: Continental Europe | B4: =COUNTIF(Films!$F$2:$F$501,A4) -> 77 | C4: =B4/500 -> 0.154
A5: East Asia | B5: =COUNTIF(Films!$F$2:$F$501,A5) -> 47 | C5: =B5/500 -> 0.094
A6: Southeast Asia | B6: =COUNTIF(Films!$F$2:$F$501,A6) -> 34 | C6: =B6/500 -> 0.068
A7: South Asia | B7: =COUNTIF(Films!$F$2:$F$501,A7) -> 16 | C7: =B7/500 -> 0.032
A8: Latin America | B8: =COUNTIF(Films!$F$2:$F$501,A8) -> 18 | C8: =B8/500 -> 0.036
A9: Australia & NZ | B9: =COUNTIF(Films!$F$2:$F$501,A9) -> 15 | C9: =B9/500 -> 0.03
A10: Middle East & North Africa | B10: =COUNTIF(Films!$F$2:$F$501,A10) -> 7 | C10: =B10/500 -> 0.014
A11: Sub-Saharan Africa | B11: =COUNTIF(Films!$F$2:$F$501,A11) -> 5 | C11: =B11/500 -> 0.01
A12: Total | B12: =SUM(B2:B11) -> 500
